mandelbrot_seq , 4096 , 1 , 1 ,20,832
mandelbrot_seq , 4096 , 1 , 1 ,20,803
mandelbrot_seq , 4096 , 1 , 1 ,20,805
mandelbrot_seq , 4096 , 1 , 1 ,20,805
mandelbrot_seq , 4096 , 1 , 1 ,20,803
mandelbrot_seq , 4096 , 1 , 1 ,20,803
mandelbrot_seq , 4096 , 1 , 1 ,20,804
mandelbrot_seq , 4096 , 1 , 1 ,20,805
mandelbrot_seq , 4096 , 1 , 1 ,20,806
mandelbrot_seq , 4096 , 1 , 1 ,20,806
mandelbrot_seq , 4096 , 1 , 1 ,20,804
mandelbrot_seq , 4096 , 1 , 1 ,20,805
mandelbrot_seq , 4096 , 1 , 1 ,20,805
mandelbrot_seq , 4096 , 1 , 1 ,20,806
mandelbrot_seq , 4096 , 1 , 1 ,20,807
mandelbrot_pth , 4096 , 1 , 1 ,20,808
mandelbrot_pth , 4096 , 1 , 1 ,20,808
mandelbrot_pth , 4096 , 1 , 1 ,20,807
mandelbrot_pth , 4096 , 1 , 1 ,20,808
mandelbrot_pth , 4096 , 1 , 1 ,20,808
mandelbrot_pth , 4096 , 1 , 1 ,20,806
mandelbrot_pth , 4096 , 1 , 1 ,20,808
mandelbrot_pth , 4096 , 1 , 1 ,20,805
mandelbrot_pth , 4096 , 1 , 1 ,20,804
mandelbrot_pth , 4096 , 1 , 1 ,20,808
mandelbrot_pth , 4096 , 1 , 1 ,20,806
mandelbrot_pth , 4096 , 1 , 1 ,20,804
mandelbrot_pth , 4096 , 1 , 1 ,20,807
mandelbrot_pth , 4096 , 1 , 1 ,20,808
mandelbrot_pth , 4096 , 1 , 1 ,20,810
mandelbrot_pth , 4096 , 1 , 2 ,11,086
mandelbrot_pth , 4096 , 1 , 2 ,11,085
mandelbrot_pth , 4096 , 1 , 2 ,11,089
mandelbrot_pth , 4096 , 1 , 2 ,11,089
mandelbrot_pth , 4096 , 1 , 2 ,11,087
mandelbrot_pth , 4096 , 1 , 2 ,11,094
mandelbrot_pth , 4096 , 1 , 2 ,11,090
mandelbrot_pth , 4096 , 1 , 2 ,11,097
mandelbrot_pth , 4096 , 1 , 2 ,11,110
mandelbrot_pth , 4096 , 1 , 2 ,11,133
mandelbrot_pth , 4096 , 1 , 2 ,11,152
mandelbrot_pth , 4096 , 1 , 2 ,11,159
mandelbrot_pth , 4096 , 1 , 2 ,11,148
mandelbrot_pth , 4096 , 1 , 2 ,11,151
mandelbrot_pth , 4096 , 1 , 2 ,11,123
mandelbrot_pth , 4096 , 1 , 4 ,6,866
mandelbrot_pth , 4096 , 1 , 4 ,6,999
mandelbrot_pth , 4096 , 1 , 4 ,6,985
mandelbrot_pth , 4096 , 1 , 4 ,6,968
mandelbrot_pth , 4096 , 1 , 4 ,6,991
mandelbrot_pth , 4096 , 1 , 4 ,7,001
mandelbrot_pth , 4096 , 1 , 4 ,6,985
mandelbrot_pth , 4096 , 1 , 4 ,6,994
mandelbrot_pth , 4096 , 1 , 4 ,6,972
mandelbrot_pth , 4096 , 1 , 4 ,6,991
mandelbrot_pth , 4096 , 1 , 4 ,6,982
mandelbrot_pth , 4096 , 1 , 4 ,6,980
mandelbrot_pth , 4096 , 1 , 4 ,6,975
mandelbrot_pth , 4096 , 1 , 4 ,6,955
mandelbrot_pth , 4096 , 1 , 4 ,6,993
mandelbrot_pth , 4096 , 1 , 8 ,4,963
mandelbrot_pth , 4096 , 1 , 8 ,4,989
mandelbrot_pth , 4096 , 1 , 8 ,4,994
mandelbrot_pth , 4096 , 1 , 8 ,4,985
mandelbrot_pth , 4096 , 1 , 8 ,4,982
mandelbrot_pth , 4096 , 1 , 8 ,4,990
mandelbrot_pth , 4096 , 1 , 8 ,4,995
mandelbrot_pth , 4096 , 1 , 8 ,4,983
mandelbrot_pth , 4096 , 1 , 8 ,4,995
mandelbrot_pth , 4096 , 1 , 8 ,4,974
mandelbrot_pth , 4096 , 1 , 8 ,4,979
mandelbrot_pth , 4096 , 1 , 8 ,5,009
mandelbrot_pth , 4096 , 1 , 8 ,4,976
mandelbrot_pth , 4096 , 1 , 8 ,5,049
mandelbrot_pth , 4096 , 1 , 8 ,4,970
mandelbrot_pth , 4096 , 1 , 16 ,4,860
mandelbrot_pth , 4096 , 1 , 16 ,4,785
mandelbrot_pth , 4096 , 1 , 16 ,4,864
mandelbrot_pth , 4096 , 1 , 16 ,4,821
mandelbrot_pth , 4096 , 1 , 16 ,4,847
mandelbrot_pth , 4096 , 1 , 16 ,4,879
mandelbrot_pth , 4096 , 1 , 16 ,4,853
mandelbrot_pth , 4096 , 1 , 16 ,4,905
mandelbrot_pth , 4096 , 1 , 16 ,4,854
mandelbrot_pth , 4096 , 1 , 16 ,4,841
mandelbrot_pth , 4096 , 1 , 16 ,4,860
mandelbrot_pth , 4096 , 1 , 16 ,4,881
mandelbrot_pth , 4096 , 1 , 16 ,4,906
mandelbrot_pth , 4096 , 1 , 16 ,4,855
mandelbrot_pth , 4096 , 1 , 16 ,4,860
mandelbrot_pth , 4096 , 1 , 32 ,4,822
mandelbrot_pth , 4096 , 1 , 32 ,4,792
mandelbrot_pth , 4096 , 1 , 32 ,4,773
mandelbrot_pth , 4096 , 1 , 32 ,4,834
mandelbrot_pth , 4096 , 1 , 32 ,4,804
mandelbrot_pth , 4096 , 1 , 32 ,4,819
mandelbrot_pth , 4096 , 1 , 32 ,4,809
mandelbrot_pth , 4096 , 1 , 32 ,4,843
mandelbrot_pth , 4096 , 1 , 32 ,4,809
mandelbrot_pth , 4096 , 1 , 32 ,4,808
mandelbrot_pth , 4096 , 1 , 32 ,4,808
mandelbrot_pth , 4096 , 1 , 32 ,4,827
mandelbrot_pth , 4096 , 1 , 32 ,4,829
mandelbrot_pth , 4096 , 1 , 32 ,4,815
mandelbrot_pth , 4096 , 1 , 32 ,4,828
mandelbrot_omp , 4096 , 1 , 1 ,20,999
mandelbrot_omp , 4096 , 1 , 1 ,20,979
mandelbrot_omp , 4096 , 1 , 1 ,20,974
mandelbrot_omp , 4096 , 1 , 1 ,20,972
mandelbrot_omp , 4096 , 1 , 1 ,20,973
mandelbrot_omp , 4096 , 1 , 1 ,20,975
mandelbrot_omp , 4096 , 1 , 1 ,20,984
mandelbrot_omp , 4096 , 1 , 1 ,20,984
mandelbrot_omp , 4096 , 1 , 1 ,20,977
mandelbrot_omp , 4096 , 1 , 1 ,20,974
mandelbrot_omp , 4096 , 1 , 1 ,20,967
mandelbrot_omp , 4096 , 1 , 1 ,21,004
mandelbrot_omp , 4096 , 1 , 1 ,20,979
mandelbrot_omp , 4096 , 1 , 1 ,20,983
mandelbrot_omp , 4096 , 1 , 1 ,20,977
mandelbrot_omp , 4096 , 1 , 2 ,11,208
mandelbrot_omp , 4096 , 1 , 2 ,11,218
mandelbrot_omp , 4096 , 1 , 2 ,11,181
mandelbrot_omp , 4096 , 1 , 2 ,11,171
mandelbrot_omp , 4096 , 1 , 2 ,11,174
mandelbrot_omp , 4096 , 1 , 2 ,11,188
mandelbrot_omp , 4096 , 1 , 2 ,11,212
mandelbrot_omp , 4096 , 1 , 2 ,11,211
mandelbrot_omp , 4096 , 1 , 2 ,11,211
mandelbrot_omp , 4096 , 1 , 2 ,11,221
mandelbrot_omp , 4096 , 1 , 2 ,11,220
mandelbrot_omp , 4096 , 1 , 2 ,11,218
mandelbrot_omp , 4096 , 1 , 2 ,11,221
mandelbrot_omp , 4096 , 1 , 2 ,11,224
mandelbrot_omp , 4096 , 1 , 2 ,11,217
mandelbrot_omp , 4096 , 1 , 4 ,6,964
mandelbrot_omp , 4096 , 1 , 4 ,7,056
mandelbrot_omp , 4096 , 1 , 4 ,7,063
mandelbrot_omp , 4096 , 1 , 4 ,7,062
mandelbrot_omp , 4096 , 1 , 4 ,7,065
mandelbrot_omp , 4096 , 1 , 4 ,7,049
mandelbrot_omp , 4096 , 1 , 4 ,7,051
mandelbrot_omp , 4096 , 1 , 4 ,7,056
mandelbrot_omp , 4096 , 1 , 4 ,7,046
mandelbrot_omp , 4096 , 1 , 4 ,7,065
mandelbrot_omp , 4096 , 1 , 4 ,7,043
mandelbrot_omp , 4096 , 1 , 4 ,7,051
mandelbrot_omp , 4096 , 1 , 4 ,7,069
mandelbrot_omp , 4096 , 1 , 4 ,7,056
mandelbrot_omp , 4096 , 1 , 4 ,7,053
mandelbrot_omp , 4096 , 1 , 8 ,4,976
mandelbrot_omp , 4096 , 1 , 8 ,5,008
mandelbrot_omp , 4096 , 1 , 8 ,4,965
mandelbrot_omp , 4096 , 1 , 8 ,5,001
mandelbrot_omp , 4096 , 1 , 8 ,5,005
mandelbrot_omp , 4096 , 1 , 8 ,4,956
mandelbrot_omp , 4096 , 1 , 8 ,5,000
mandelbrot_omp , 4096 , 1 , 8 ,4,962
mandelbrot_omp , 4096 , 1 , 8 ,5,003
mandelbrot_omp , 4096 , 1 , 8 ,4,987
mandelbrot_omp , 4096 , 1 , 8 ,4,953
mandelbrot_omp , 4096 , 1 , 8 ,4,976
mandelbrot_omp , 4096 , 1 , 8 ,4,987
mandelbrot_omp , 4096 , 1 , 8 ,4,984
mandelbrot_omp , 4096 , 1 , 8 ,4,988
mandelbrot_omp , 4096 , 1 , 16 ,4,777
mandelbrot_omp , 4096 , 1 , 16 ,4,823
mandelbrot_omp , 4096 , 1 , 16 ,4,889
mandelbrot_omp , 4096 , 1 , 16 ,4,791
mandelbrot_omp , 4096 , 1 , 16 ,4,825
mandelbrot_omp , 4096 , 1 , 16 ,4,853
mandelbrot_omp , 4096 , 1 , 16 ,4,760
mandelbrot_omp , 4096 , 1 , 16 ,4,798
mandelbrot_omp , 4096 , 1 , 16 ,4,803
mandelbrot_omp , 4096 , 1 , 16 ,4,824
mandelbrot_omp , 4096 , 1 , 16 ,4,785
mandelbrot_omp , 4096 , 1 , 16 ,4,792
mandelbrot_omp , 4096 , 1 , 16 ,4,809
mandelbrot_omp , 4096 , 1 , 16 ,4,913
mandelbrot_omp , 4096 , 1 , 16 ,4,779
mandelbrot_omp , 4096 , 1 , 32 ,4,763
mandelbrot_omp , 4096 , 1 , 32 ,4,834
mandelbrot_omp , 4096 , 1 , 32 ,4,808
mandelbrot_omp , 4096 , 1 , 32 ,4,828
mandelbrot_omp , 4096 , 1 , 32 ,4,820
mandelbrot_omp , 4096 , 1 , 32 ,4,812
mandelbrot_omp , 4096 , 1 , 32 ,4,778
mandelbrot_omp , 4096 , 1 , 32 ,4,821
mandelbrot_omp , 4096 , 1 , 32 ,4,800
mandelbrot_omp , 4096 , 1 , 32 ,4,814
mandelbrot_omp , 4096 , 1 , 32 ,4,818
mandelbrot_omp , 4096 , 1 , 32 ,4,828
mandelbrot_omp , 4096 , 1 , 32 ,4,781
mandelbrot_omp , 4096 , 1 , 32 ,4,799
mandelbrot_omp , 4096 , 1 , 32 ,4,779
mandelbrot_ompi_seq , 4096 , 1 , 1 ,20,988
mandelbrot_ompi_seq , 4096 , 1 , 1 ,20,964
mandelbrot_ompi_seq , 4096 , 1 , 1 ,20,972
mandelbrot_ompi_seq , 4096 , 1 , 1 ,20,967
mandelbrot_ompi_seq , 4096 , 1 , 1 ,20,965
mandelbrot_ompi_seq , 4096 , 1 , 1 ,20,963
mandelbrot_ompi_seq , 4096 , 1 , 1 ,20,961
mandelbrot_ompi_seq , 4096 , 1 , 1 ,20,974
mandelbrot_ompi_seq , 4096 , 1 , 1 ,20,968
mandelbrot_ompi_seq , 4096 , 1 , 1 ,20,971
mandelbrot_ompi_seq , 4096 , 1 , 1 ,20,962
mandelbrot_ompi_seq , 4096 , 1 , 1 ,20,982
mandelbrot_ompi_seq , 4096 , 1 , 1 ,20,958
mandelbrot_ompi_seq , 4096 , 1 , 1 ,20,962
mandelbrot_ompi_seq , 4096 , 1 , 1 ,20,957
mandelbrot_ompi_seq , 4096 , 8 , 1 ,3,707
mandelbrot_ompi_seq , 4096 , 8 , 1 ,3,951
mandelbrot_ompi_seq , 4096 , 8 , 1 ,4,221
mandelbrot_ompi_seq , 4096 , 8 , 1 ,4,833
mandelbrot_ompi_seq , 4096 , 8 , 1 ,4,364
mandelbrot_ompi_seq , 4096 , 8 , 1 ,4,376
mandelbrot_ompi_seq , 4096 , 8 , 1 ,4,369
mandelbrot_ompi_seq , 4096 , 8 , 1 ,4,375
mandelbrot_ompi_seq , 4096 , 8 , 1 ,4,369
mandelbrot_ompi_seq , 4096 , 8 , 1 ,4,364
mandelbrot_ompi_seq , 4096 , 8 , 1 ,4,372
mandelbrot_ompi_seq , 4096 , 8 , 1 ,4,418
mandelbrot_ompi_seq , 4096 , 8 , 1 ,4,570
mandelbrot_ompi_seq , 4096 , 8 , 1 ,4,355
mandelbrot_ompi_seq , 4096 , 8 , 1 ,4,365
mandelbrot_ompi_seq , 4096 , 16 , 1 ,5,573
mandelbrot_ompi_seq , 4096 , 16 , 1 ,5,926
mandelbrot_ompi_seq , 4096 , 16 , 1 ,5,418
mandelbrot_ompi_seq , 4096 , 16 , 1 ,5,480
mandelbrot_ompi_seq , 4096 , 16 , 1 ,5,596
mandelbrot_ompi_seq , 4096 , 16 , 1 ,5,318
mandelbrot_ompi_seq , 4096 , 16 , 1 ,5,237
mandelbrot_ompi_seq , 4096 , 16 , 1 ,5,162
mandelbrot_ompi_seq , 4096 , 16 , 1 ,5,487
mandelbrot_ompi_seq , 4096 , 16 , 1 ,5,568
mandelbrot_ompi_seq , 4096 , 16 , 1 ,5,498
mandelbrot_ompi_seq , 4096 , 16 , 1 ,5,382
mandelbrot_ompi_seq , 4096 , 16 , 1 ,5,614
mandelbrot_ompi_seq , 4096 , 16 , 1 ,5,602
mandelbrot_ompi_seq , 4096 , 16 , 1 ,5,902
mandelbrot_ompi_seq , 4096 , 32 , 1 ,9,496
mandelbrot_ompi_seq , 4096 , 32 , 1 ,7,570
mandelbrot_ompi_seq , 4096 , 32 , 1 ,6,754
mandelbrot_ompi_seq , 4096 , 32 , 1 ,8,882
mandelbrot_ompi_seq , 4096 , 32 , 1 ,7,793
mandelbrot_ompi_seq , 4096 , 32 , 1 ,8,334
mandelbrot_ompi_seq , 4096 , 32 , 1 ,8,666
mandelbrot_ompi_seq , 4096 , 32 , 1 ,9,300
mandelbrot_ompi_seq , 4096 , 32 , 1 ,9,286
mandelbrot_ompi_seq , 4096 , 32 , 1 ,9,509
mandelbrot_ompi_seq , 4096 , 32 , 1 ,7,768
mandelbrot_ompi_seq , 4096 , 32 , 1 ,7,406
mandelbrot_ompi_seq , 4096 , 32 , 1 ,8,277
mandelbrot_ompi_seq , 4096 , 32 , 1 ,9,308
mandelbrot_ompi_seq , 4096 , 32 , 1 ,9,039
mandelbrot_ompi_seq , 4096 , 64 , 1 ,13,151
mandelbrot_ompi_seq , 4096 , 64 , 1 ,12,956
mandelbrot_ompi_seq , 4096 , 64 , 1 ,12,814
mandelbrot_ompi_seq , 4096 , 64 , 1 ,12,881
mandelbrot_ompi_seq , 4096 , 64 , 1 ,12,986
mandelbrot_ompi_seq , 4096 , 64 , 1 ,10,840
mandelbrot_ompi_seq , 4096 , 64 , 1 ,11,657
mandelbrot_ompi_seq , 4096 , 64 , 1 ,11,956
mandelbrot_ompi_seq , 4096 , 64 , 1 ,13,800
mandelbrot_ompi_seq , 4096 , 64 , 1 ,12,881
mandelbrot_ompi_seq , 4096 , 64 , 1 ,12,559
mandelbrot_ompi_seq , 4096 , 64 , 1 ,11,677
mandelbrot_ompi_seq , 4096 , 64 , 1 ,13,090
mandelbrot_ompi_seq , 4096 , 64 , 1 ,12,960
mandelbrot_ompi_seq , 4096 , 64 , 1 ,12,640
mandelbrot_ompi_pth , 4096 , 1 , 1 ,21,010
mandelbrot_ompi_pth , 4096 , 1 , 1 ,20,969
mandelbrot_ompi_pth , 4096 , 1 , 1 ,20,989
mandelbrot_ompi_pth , 4096 , 1 , 1 ,20,970
mandelbrot_ompi_pth , 4096 , 1 , 1 ,20,970
mandelbrot_ompi_pth , 4096 , 1 , 1 ,20,971
mandelbrot_ompi_pth , 4096 , 1 , 1 ,21,016
mandelbrot_ompi_pth , 4096 , 1 , 1 ,20,979
mandelbrot_ompi_pth , 4096 , 1 , 1 ,20,969
mandelbrot_ompi_pth , 4096 , 1 , 1 ,20,970
mandelbrot_ompi_pth , 4096 , 1 , 1 ,20,969
mandelbrot_ompi_pth , 4096 , 1 , 1 ,20,969
mandelbrot_ompi_pth , 4096 , 1 , 1 ,20,992
mandelbrot_ompi_pth , 4096 , 1 , 1 ,20,968
mandelbrot_ompi_pth , 4096 , 1 , 1 ,20,988
mandelbrot_ompi_pth , 4096 , 1 , 2 ,11,264
mandelbrot_ompi_pth , 4096 , 1 , 2 ,11,224
mandelbrot_ompi_pth , 4096 , 1 , 2 ,11,220
mandelbrot_ompi_pth , 4096 , 1 , 2 ,11,229
mandelbrot_ompi_pth , 4096 , 1 , 2 ,11,218
mandelbrot_ompi_pth , 4096 , 1 , 2 ,11,213
mandelbrot_ompi_pth , 4096 , 1 , 2 ,11,219
mandelbrot_ompi_pth , 4096 , 1 , 2 ,11,242
mandelbrot_ompi_pth , 4096 , 1 , 2 ,11,220
mandelbrot_ompi_pth , 4096 , 1 , 2 ,11,219
mandelbrot_ompi_pth , 4096 , 1 , 2 ,11,219
mandelbrot_ompi_pth , 4096 , 1 , 2 ,11,218
mandelbrot_ompi_pth , 4096 , 1 , 2 ,11,218
mandelbrot_ompi_pth , 4096 , 1 , 2 ,11,217
mandelbrot_ompi_pth , 4096 , 1 , 2 ,11,227
mandelbrot_ompi_pth , 4096 , 1 , 4 ,5,946
mandelbrot_ompi_pth , 4096 , 1 , 4 ,6,746
mandelbrot_ompi_pth , 4096 , 1 , 4 ,6,760
mandelbrot_ompi_pth , 4096 , 1 , 4 ,6,736
mandelbrot_ompi_pth , 4096 , 1 , 4 ,6,724
mandelbrot_ompi_pth , 4096 , 1 , 4 ,6,739
mandelbrot_ompi_pth , 4096 , 1 , 4 ,6,720
mandelbrot_ompi_pth , 4096 , 1 , 4 ,6,724
mandelbrot_ompi_pth , 4096 , 1 , 4 ,6,757
mandelbrot_ompi_pth , 4096 , 1 , 4 ,6,716
mandelbrot_ompi_pth , 4096 , 1 , 4 ,6,723
mandelbrot_ompi_pth , 4096 , 1 , 4 ,6,747
mandelbrot_ompi_pth , 4096 , 1 , 4 ,6,743
mandelbrot_ompi_pth , 4096 , 1 , 4 ,6,744
mandelbrot_ompi_pth , 4096 , 1 , 4 ,6,742
mandelbrot_ompi_pth , 4096 , 1 , 8 ,4,639
mandelbrot_ompi_pth , 4096 , 1 , 8 ,4,696
mandelbrot_ompi_pth , 4096 , 1 , 8 ,4,693
mandelbrot_ompi_pth , 4096 , 1 , 8 ,5,019
mandelbrot_ompi_pth , 4096 , 1 , 8 ,4,643
mandelbrot_ompi_pth , 4096 , 1 , 8 ,4,691
mandelbrot_ompi_pth , 4096 , 1 , 8 ,4,693
mandelbrot_ompi_pth , 4096 , 1 , 8 ,4,696
mandelbrot_ompi_pth , 4096 , 1 , 8 ,4,684
mandelbrot_ompi_pth , 4096 , 1 , 8 ,4,696
mandelbrot_ompi_pth , 4096 , 1 , 8 ,4,693
mandelbrot_ompi_pth , 4096 , 1 , 8 ,4,698
mandelbrot_ompi_pth , 4096 , 1 , 8 ,4,682
mandelbrot_ompi_pth , 4096 , 1 , 8 ,4,684
mandelbrot_ompi_pth , 4096 , 1 , 8 ,4,693
mandelbrot_ompi_pth , 4096 , 1 , 16 ,4,586
mandelbrot_ompi_pth , 4096 , 1 , 16 ,4,660
mandelbrot_ompi_pth , 4096 , 1 , 16 ,4,553
mandelbrot_ompi_pth , 4096 , 1 , 16 ,4,581
mandelbrot_ompi_pth , 4096 , 1 , 16 ,4,654
mandelbrot_ompi_pth , 4096 , 1 , 16 ,4,525
mandelbrot_ompi_pth , 4096 , 1 , 16 ,4,582
mandelbrot_ompi_pth , 4096 , 1 , 16 ,4,559
mandelbrot_ompi_pth , 4096 , 1 , 16 ,4,579
mandelbrot_ompi_pth , 4096 , 1 , 16 ,4,558
mandelbrot_ompi_pth , 4096 , 1 , 16 ,4,628
mandelbrot_ompi_pth , 4096 , 1 , 16 ,4,536
mandelbrot_ompi_pth , 4096 , 1 , 16 ,4,603
mandelbrot_ompi_pth , 4096 , 1 , 16 ,4,575
mandelbrot_ompi_pth , 4096 , 1 , 16 ,4,531
mandelbrot_ompi_pth , 4096 , 1 , 32 ,4,511
mandelbrot_ompi_pth , 4096 , 1 , 32 ,4,548
mandelbrot_ompi_pth , 4096 , 1 , 32 ,4,532
mandelbrot_ompi_pth , 4096 , 1 , 32 ,4,551
mandelbrot_ompi_pth , 4096 , 1 , 32 ,4,508
mandelbrot_ompi_pth , 4096 , 1 , 32 ,4,511
mandelbrot_ompi_pth , 4096 , 1 , 32 ,4,521
mandelbrot_ompi_pth , 4096 , 1 , 32 ,4,524
mandelbrot_ompi_pth , 4096 , 1 , 32 ,4,514
mandelbrot_ompi_pth , 4096 , 1 , 32 ,4,536
mandelbrot_ompi_pth , 4096 , 1 , 32 ,4,512
mandelbrot_ompi_pth , 4096 , 1 , 32 ,4,511
mandelbrot_ompi_pth , 4096 , 1 , 32 ,4,552
mandelbrot_ompi_pth , 4096 , 1 , 32 ,4,505
mandelbrot_ompi_pth , 4096 , 1 , 32 ,4,544
mandelbrot_ompi_pth , 4096 , 8 , 1 ,4,931
mandelbrot_ompi_pth , 4096 , 8 , 1 ,5,098
mandelbrot_ompi_pth , 4096 , 8 , 1 ,4,950
mandelbrot_ompi_pth , 4096 , 8 , 1 ,5,114
mandelbrot_ompi_pth , 4096 , 8 , 1 ,5,016
mandelbrot_ompi_pth , 4096 , 8 , 1 ,4,999
mandelbrot_ompi_pth , 4096 , 8 , 1 ,5,182
mandelbrot_ompi_pth , 4096 , 8 , 1 ,5,002
mandelbrot_ompi_pth , 4096 , 8 , 1 ,5,189
mandelbrot_ompi_pth , 4096 , 8 , 1 ,5,094
mandelbrot_ompi_pth , 4096 , 8 , 1 ,4,997
mandelbrot_ompi_pth , 4096 , 8 , 1 ,5,195
mandelbrot_ompi_pth , 4096 , 8 , 1 ,5,016
mandelbrot_ompi_pth , 4096 , 8 , 1 ,4,962
mandelbrot_ompi_pth , 4096 , 8 , 1 ,4,980
mandelbrot_ompi_pth , 4096 , 8 , 2 ,4,939
mandelbrot_ompi_pth , 4096 , 8 , 2 ,5,033
mandelbrot_ompi_pth , 4096 , 8 , 2 ,4,879
mandelbrot_ompi_pth , 4096 , 8 , 2 ,4,992
mandelbrot_ompi_pth , 4096 , 8 , 2 ,4,947
mandelbrot_ompi_pth , 4096 , 8 , 2 ,4,950
mandelbrot_ompi_pth , 4096 , 8 , 2 ,4,823
mandelbrot_ompi_pth , 4096 , 8 , 2 ,4,932
mandelbrot_ompi_pth , 4096 , 8 , 2 ,4,791
mandelbrot_ompi_pth , 4096 , 8 , 2 ,4,843
mandelbrot_ompi_pth , 4096 , 8 , 2 ,4,839
mandelbrot_ompi_pth , 4096 , 8 , 2 ,5,011
mandelbrot_ompi_pth , 4096 , 8 , 2 ,4,889
mandelbrot_ompi_pth , 4096 , 8 , 2 ,4,842
mandelbrot_ompi_pth , 4096 , 8 , 2 ,4,863
mandelbrot_ompi_pth , 4096 , 8 , 4 ,4,791
mandelbrot_ompi_pth , 4096 , 8 , 4 ,4,868
mandelbrot_ompi_pth , 4096 , 8 , 4 ,4,856
mandelbrot_ompi_pth , 4096 , 8 , 4 ,4,871
mandelbrot_ompi_pth , 4096 , 8 , 4 ,4,840
mandelbrot_ompi_pth , 4096 , 8 , 4 ,4,996
mandelbrot_ompi_pth , 4096 , 8 , 4 ,4,951
mandelbrot_ompi_pth , 4096 , 8 , 4 ,4,940
mandelbrot_ompi_pth , 4096 , 8 , 4 ,4,808
mandelbrot_ompi_pth , 4096 , 8 , 4 ,4,800
mandelbrot_ompi_pth , 4096 , 8 , 4 ,4,936
mandelbrot_ompi_pth , 4096 , 8 , 4 ,4,836
mandelbrot_ompi_pth , 4096 , 8 , 4 ,4,897
mandelbrot_ompi_pth , 4096 , 8 , 4 ,4,909
mandelbrot_ompi_pth , 4096 , 8 , 4 ,4,875
mandelbrot_ompi_pth , 4096 , 8 , 8 ,4,905
mandelbrot_ompi_pth , 4096 , 8 , 8 ,4,939
mandelbrot_ompi_pth , 4096 , 8 , 8 ,4,932
mandelbrot_ompi_pth , 4096 , 8 , 8 ,4,959
mandelbrot_ompi_pth , 4096 , 8 , 8 ,4,825
mandelbrot_ompi_pth , 4096 , 8 , 8 ,4,922
mandelbrot_ompi_pth , 4096 , 8 , 8 ,5,043
mandelbrot_ompi_pth , 4096 , 8 , 8 ,4,850
mandelbrot_ompi_pth , 4096 , 8 , 8 ,4,952
mandelbrot_ompi_pth , 4096 , 8 , 8 ,4,858
mandelbrot_ompi_pth , 4096 , 8 , 8 ,4,967
mandelbrot_ompi_pth , 4096 , 8 , 8 ,4,758
mandelbrot_ompi_pth , 4096 , 8 , 8 ,4,912
mandelbrot_ompi_pth , 4096 , 8 , 8 ,4,976
mandelbrot_ompi_pth , 4096 , 8 , 8 ,4,909
mandelbrot_ompi_pth , 4096 , 8 , 16 ,4,717
mandelbrot_ompi_pth , 4096 , 8 , 16 ,5,049
mandelbrot_ompi_pth , 4096 , 8 , 16 ,4,887
mandelbrot_ompi_pth , 4096 , 8 , 16 ,4,954
mandelbrot_ompi_pth , 4096 , 8 , 16 ,4,940
mandelbrot_ompi_pth , 4096 , 8 , 16 ,5,027
mandelbrot_ompi_pth , 4096 , 8 , 16 ,4,882
mandelbrot_ompi_pth , 4096 , 8 , 16 ,4,976
mandelbrot_ompi_pth , 4096 , 8 , 16 ,4,994
mandelbrot_ompi_pth , 4096 , 8 , 16 ,4,923
mandelbrot_ompi_pth , 4096 , 8 , 16 ,4,933
mandelbrot_ompi_pth , 4096 , 8 , 16 ,4,943
mandelbrot_ompi_pth , 4096 , 8 , 16 ,4,894
mandelbrot_ompi_pth , 4096 , 8 , 16 ,4,991
mandelbrot_ompi_pth , 4096 , 8 , 16 ,4,948
mandelbrot_ompi_pth , 4096 , 8 , 32 ,4,868
mandelbrot_ompi_pth , 4096 , 8 , 32 ,4,924
mandelbrot_ompi_pth , 4096 , 8 , 32 ,4,942
mandelbrot_ompi_pth , 4096 , 8 , 32 ,4,897
mandelbrot_ompi_pth , 4096 , 8 , 32 ,5,056
mandelbrot_ompi_pth , 4096 , 8 , 32 ,4,970
mandelbrot_ompi_pth , 4096 , 8 , 32 ,4,795
mandelbrot_ompi_pth , 4096 , 8 , 32 ,5,023
mandelbrot_ompi_pth , 4096 , 8 , 32 ,4,863
mandelbrot_ompi_pth , 4096 , 8 , 32 ,4,750
mandelbrot_ompi_pth , 4096 , 8 , 32 ,4,816
mandelbrot_ompi_pth , 4096 , 8 , 32 ,4,801
mandelbrot_ompi_pth , 4096 , 8 , 32 ,4,858
mandelbrot_ompi_pth , 4096 , 8 , 32 ,4,753
mandelbrot_ompi_pth , 4096 , 8 , 32 ,4,676
mandelbrot_ompi_pth , 4096 , 16 , 1 ,6,135
mandelbrot_ompi_pth , 4096 , 16 , 1 ,6,283
mandelbrot_ompi_pth , 4096 , 16 , 1 ,6,003
mandelbrot_ompi_pth , 4096 , 16 , 1 ,6,358
mandelbrot_ompi_pth , 4096 , 16 , 1 ,6,117
mandelbrot_ompi_pth , 4096 , 16 , 1 ,6,022
mandelbrot_ompi_pth , 4096 , 16 , 1 ,6,117
mandelbrot_ompi_pth , 4096 , 16 , 1 ,6,505
mandelbrot_ompi_pth , 4096 , 16 , 1 ,5,953
mandelbrot_ompi_pth , 4096 , 16 , 1 ,5,960
mandelbrot_ompi_pth , 4096 , 16 , 1 ,5,954
mandelbrot_ompi_pth , 4096 , 16 , 1 ,5,874
mandelbrot_ompi_pth , 4096 , 16 , 1 ,6,193
mandelbrot_ompi_pth , 4096 , 16 , 1 ,6,114
mandelbrot_ompi_pth , 4096 , 16 , 1 ,6,790
mandelbrot_ompi_pth , 4096 , 16 , 2 ,5,898
mandelbrot_ompi_pth , 4096 , 16 , 2 ,6,359
mandelbrot_ompi_pth , 4096 , 16 , 2 ,6,317
mandelbrot_ompi_pth , 4096 , 16 , 2 ,6,079
mandelbrot_ompi_pth , 4096 , 16 , 2 ,5,913
mandelbrot_ompi_pth , 4096 , 16 , 2 ,5,967
mandelbrot_ompi_pth , 4096 , 16 , 2 ,6,238
mandelbrot_ompi_pth , 4096 , 16 , 2 ,5,833
mandelbrot_ompi_pth , 4096 , 16 , 2 ,5,906
mandelbrot_ompi_pth , 4096 , 16 , 2 ,5,918
mandelbrot_ompi_pth , 4096 , 16 , 2 ,5,975
mandelbrot_ompi_pth , 4096 , 16 , 2 ,5,302
mandelbrot_ompi_pth , 4096 , 16 , 2 ,6,305
mandelbrot_ompi_pth , 4096 , 16 , 2 ,6,055
mandelbrot_ompi_pth , 4096 , 16 , 2 ,5,793
mandelbrot_ompi_pth , 4096 , 16 , 4 ,5,898
mandelbrot_ompi_pth , 4096 , 16 , 4 ,6,130
mandelbrot_ompi_pth , 4096 , 16 , 4 ,6,161
mandelbrot_ompi_pth , 4096 , 16 , 4 ,5,898
mandelbrot_ompi_pth , 4096 , 16 , 4 ,5,590
mandelbrot_ompi_pth , 4096 , 16 , 4 ,6,489
mandelbrot_ompi_pth , 4096 , 16 , 4 ,6,558
mandelbrot_ompi_pth , 4096 , 16 , 4 ,6,035
mandelbrot_ompi_pth , 4096 , 16 , 4 ,5,713
mandelbrot_ompi_pth , 4096 , 16 , 4 ,5,985
mandelbrot_ompi_pth , 4096 , 16 , 4 ,5,842
mandelbrot_ompi_pth , 4096 , 16 , 4 ,6,002
mandelbrot_ompi_pth , 4096 , 16 , 4 ,5,942
mandelbrot_ompi_pth , 4096 , 16 , 4 ,5,410
mandelbrot_ompi_pth , 4096 , 16 , 4 ,5,862
mandelbrot_ompi_pth , 4096 , 16 , 8 ,5,952
mandelbrot_ompi_pth , 4096 , 16 , 8 ,5,244
mandelbrot_ompi_pth , 4096 , 16 , 8 ,5,995
mandelbrot_ompi_pth , 4096 , 16 , 8 ,5,897
mandelbrot_ompi_pth , 4096 , 16 , 8 ,6,122
mandelbrot_ompi_pth , 4096 , 16 , 8 ,6,010
mandelbrot_ompi_pth , 4096 , 16 , 8 ,6,134
mandelbrot_ompi_pth , 4096 , 16 , 8 ,5,882
mandelbrot_ompi_pth , 4096 , 16 , 8 ,6,047
mandelbrot_ompi_pth , 4096 , 16 , 8 ,5,517
mandelbrot_ompi_pth , 4096 , 16 , 8 ,5,862
mandelbrot_ompi_pth , 4096 , 16 , 8 ,5,882
mandelbrot_ompi_pth , 4096 , 16 , 8 ,5,822
mandelbrot_ompi_pth , 4096 , 16 , 8 ,6,250
mandelbrot_ompi_pth , 4096 , 16 , 8 ,6,666
mandelbrot_ompi_pth , 4096 , 16 , 16 ,5,991
mandelbrot_ompi_pth , 4096 , 16 , 16 ,5,961
mandelbrot_ompi_pth , 4096 , 16 , 16 ,6,358
mandelbrot_ompi_pth , 4096 , 16 , 16 ,6,559
mandelbrot_ompi_pth , 4096 , 16 , 16 ,6,481
mandelbrot_ompi_pth , 4096 , 16 , 16 ,6,226
mandelbrot_ompi_pth , 4096 , 16 , 16 ,6,018
mandelbrot_ompi_pth , 4096 , 16 , 16 ,5,850
mandelbrot_ompi_pth , 4096 , 16 , 16 ,5,987
mandelbrot_ompi_pth , 4096 , 16 , 16 ,5,873
mandelbrot_ompi_pth , 4096 , 16 , 16 ,6,134
mandelbrot_ompi_pth , 4096 , 16 , 16 ,5,368
mandelbrot_ompi_pth , 4096 , 16 , 16 ,6,056
mandelbrot_ompi_pth , 4096 , 16 , 16 ,5,945
mandelbrot_ompi_pth , 4096 , 16 , 16 ,5,978
mandelbrot_ompi_pth , 4096 , 16 , 32 ,6,702
mandelbrot_ompi_pth , 4096 , 16 , 32 ,6,234
mandelbrot_ompi_pth , 4096 , 16 , 32 ,5,906
mandelbrot_ompi_pth , 4096 , 16 , 32 ,6,270
mandelbrot_ompi_pth , 4096 , 16 , 32 ,6,202
mandelbrot_ompi_pth , 4096 , 16 , 32 ,5,934
mandelbrot_ompi_pth , 4096 , 16 , 32 ,5,990
mandelbrot_ompi_pth , 4096 , 16 , 32 ,6,485
mandelbrot_ompi_pth , 4096 , 16 , 32 ,6,139
mandelbrot_ompi_pth , 4096 , 16 , 32 ,5,749
mandelbrot_ompi_pth , 4096 , 16 , 32 ,6,514
mandelbrot_ompi_pth , 4096 , 16 , 32 ,5,306
mandelbrot_ompi_pth , 4096 , 16 , 32 ,5,726
mandelbrot_ompi_pth , 4096 , 16 , 32 ,5,928
mandelbrot_ompi_pth , 4096 , 16 , 32 ,6,171
mandelbrot_ompi_pth , 4096 , 32 , 1 ,8,136
mandelbrot_ompi_pth , 4096 , 32 , 1 ,9,240
mandelbrot_ompi_pth , 4096 , 32 , 1 ,9,345
mandelbrot_ompi_pth , 4096 , 32 , 1 ,8,531
mandelbrot_ompi_pth , 4096 , 32 , 1 ,9,194
mandelbrot_ompi_pth , 4096 , 32 , 1 ,8,313
mandelbrot_ompi_pth , 4096 , 32 , 1 ,8,610
mandelbrot_ompi_pth , 4096 , 32 , 1 ,9,542
mandelbrot_ompi_pth , 4096 , 32 , 1 ,7,597
mandelbrot_ompi_pth , 4096 , 32 , 1 ,9,286
mandelbrot_ompi_pth , 4096 , 32 , 1 ,9,219
mandelbrot_ompi_pth , 4096 , 32 , 1 ,8,282
mandelbrot_ompi_pth , 4096 , 32 , 1 ,9,336
mandelbrot_ompi_pth , 4096 , 32 , 1 ,9,594
mandelbrot_ompi_pth , 4096 , 32 , 1 ,8,719
mandelbrot_ompi_pth , 4096 , 32 , 2 ,8,683
mandelbrot_ompi_pth , 4096 , 32 , 2 ,7,234
mandelbrot_ompi_pth , 4096 , 32 , 2 ,8,825
mandelbrot_ompi_pth , 4096 , 32 , 2 ,9,075
mandelbrot_ompi_pth , 4096 , 32 , 2 ,9,722
mandelbrot_ompi_pth , 4096 , 32 , 2 ,8,698
mandelbrot_ompi_pth , 4096 , 32 , 2 ,9,279
mandelbrot_ompi_pth , 4096 , 32 , 2 ,9,240
mandelbrot_ompi_pth , 4096 , 32 , 2 ,9,730
mandelbrot_ompi_pth , 4096 , 32 , 2 ,9,285
mandelbrot_ompi_pth , 4096 , 32 , 2 ,9,481
mandelbrot_ompi_pth , 4096 , 32 , 2 ,7,227
mandelbrot_ompi_pth , 4096 , 32 , 2 ,9,414
mandelbrot_ompi_pth , 4096 , 32 , 2 ,10,365
mandelbrot_ompi_pth , 4096 , 32 , 2 ,9,002
mandelbrot_ompi_pth , 4096 , 32 , 4 ,9,026
mandelbrot_ompi_pth , 4096 , 32 , 4 ,9,603
mandelbrot_ompi_pth , 4096 , 32 , 4 ,7,997
mandelbrot_ompi_pth , 4096 , 32 , 4 ,9,809
mandelbrot_ompi_pth , 4096 , 32 , 4 ,9,553
mandelbrot_ompi_pth , 4096 , 32 , 4 ,9,128
mandelbrot_ompi_pth , 4096 , 32 , 4 ,9,180
mandelbrot_ompi_pth , 4096 , 32 , 4 ,10,117
mandelbrot_ompi_pth , 4096 , 32 , 4 ,9,058
mandelbrot_ompi_pth , 4096 , 32 , 4 ,8,282
mandelbrot_ompi_pth , 4096 , 32 , 4 ,7,602
mandelbrot_ompi_pth , 4096 , 32 , 4 ,8,677
mandelbrot_ompi_pth , 4096 , 32 , 4 ,10,322
mandelbrot_ompi_pth , 4096 , 32 , 4 ,9,987
mandelbrot_ompi_pth , 4096 , 32 , 4 ,8,833
mandelbrot_ompi_pth , 4096 , 32 , 8 ,9,775
mandelbrot_ompi_pth , 4096 , 32 , 8 ,9,254
mandelbrot_ompi_pth , 4096 , 32 , 8 ,7,683
mandelbrot_ompi_pth , 4096 , 32 , 8 ,8,609
mandelbrot_ompi_pth , 4096 , 32 , 8 ,8,993
mandelbrot_ompi_pth , 4096 , 32 , 8 ,9,163
mandelbrot_ompi_pth , 4096 , 32 , 8 ,9,116
mandelbrot_ompi_pth , 4096 , 32 , 8 ,9,230
mandelbrot_ompi_pth , 4096 , 32 , 8 ,8,843
mandelbrot_ompi_pth , 4096 , 32 , 8 ,8,452
mandelbrot_ompi_pth , 4096 , 32 , 8 ,9,976
mandelbrot_ompi_pth , 4096 , 32 , 8 ,9,041
mandelbrot_ompi_pth , 4096 , 32 , 8 ,9,862
mandelbrot_ompi_pth , 4096 , 32 , 8 ,9,094
mandelbrot_ompi_pth , 4096 , 32 , 8 ,9,673
mandelbrot_ompi_pth , 4096 , 32 , 16 ,9,670
mandelbrot_ompi_pth , 4096 , 32 , 16 ,8,654
mandelbrot_ompi_pth , 4096 , 32 , 16 ,9,811
mandelbrot_ompi_pth , 4096 , 32 , 16 ,9,013
mandelbrot_ompi_pth , 4096 , 32 , 16 ,9,570
mandelbrot_ompi_pth , 4096 , 32 , 16 ,9,316
mandelbrot_ompi_pth , 4096 , 32 , 16 ,9,149
mandelbrot_ompi_pth , 4096 , 32 , 16 ,8,756
mandelbrot_ompi_pth , 4096 , 32 , 16 ,8,457
mandelbrot_ompi_pth , 4096 , 32 , 16 ,9,174
mandelbrot_ompi_pth , 4096 , 32 , 16 ,8,830
mandelbrot_ompi_pth , 4096 , 32 , 16 ,8,338
mandelbrot_ompi_pth , 4096 , 32 , 16 ,10,524
mandelbrot_ompi_pth , 4096 , 32 , 16 ,9,189
mandelbrot_ompi_pth , 4096 , 32 , 16 ,7,211
mandelbrot_ompi_pth , 4096 , 32 , 32 ,9,655
mandelbrot_ompi_pth , 4096 , 32 , 32 ,8,836
mandelbrot_ompi_pth , 4096 , 32 , 32 ,9,942
mandelbrot_ompi_pth , 4096 , 32 , 32 ,9,618
mandelbrot_ompi_pth , 4096 , 32 , 32 ,9,536
mandelbrot_ompi_pth , 4096 , 32 , 32 ,9,773
mandelbrot_ompi_pth , 4096 , 32 , 32 ,9,736
mandelbrot_ompi_pth , 4096 , 32 , 32 ,9,146
mandelbrot_ompi_pth , 4096 , 32 , 32 ,8,692
mandelbrot_ompi_pth , 4096 , 32 , 32 ,7,991
mandelbrot_ompi_pth , 4096 , 32 , 32 ,9,496
mandelbrot_ompi_pth , 4096 , 32 , 32 ,9,080
mandelbrot_ompi_pth , 4096 , 32 , 32 ,9,695
mandelbrot_ompi_pth , 4096 , 32 , 32 ,8,861
mandelbrot_ompi_pth , 4096 , 32 , 32 ,9,000
mandelbrot_ompi_pth , 4096 , 64 , 1 ,13,244
mandelbrot_ompi_pth , 4096 , 64 , 1 ,13,782
mandelbrot_ompi_pth , 4096 , 64 , 1 ,13,203
mandelbrot_ompi_pth , 4096 , 64 , 1 ,13,458
mandelbrot_ompi_pth , 4096 , 64 , 1 ,13,221
mandelbrot_ompi_pth , 4096 , 64 , 1 ,11,982
mandelbrot_ompi_pth , 4096 , 64 , 1 ,12,874
mandelbrot_ompi_pth , 4096 , 64 , 1 ,13,468
mandelbrot_ompi_pth , 4096 , 64 , 1 ,13,599
mandelbrot_ompi_pth , 4096 , 64 , 1 ,12,806
mandelbrot_ompi_pth , 4096 , 64 , 1 ,13,122
mandelbrot_ompi_pth , 4096 , 64 , 1 ,12,162
mandelbrot_ompi_pth , 4096 , 64 , 1 ,12,167
mandelbrot_ompi_pth , 4096 , 64 , 1 ,13,250
mandelbrot_ompi_pth , 4096 , 64 , 1 ,12,827
mandelbrot_ompi_pth , 4096 , 64 , 2 ,13,035
mandelbrot_ompi_pth , 4096 , 64 , 2 ,13,845
mandelbrot_ompi_pth , 4096 , 64 , 2 ,12,625
mandelbrot_ompi_pth , 4096 , 64 , 2 ,13,699
mandelbrot_ompi_pth , 4096 , 64 , 2 ,13,397
mandelbrot_ompi_pth , 4096 , 64 , 2 ,12,813
mandelbrot_ompi_pth , 4096 , 64 , 2 ,13,305
mandelbrot_ompi_pth , 4096 , 64 , 2 ,13,191
mandelbrot_ompi_pth , 4096 , 64 , 2 ,13,385
mandelbrot_ompi_pth , 4096 , 64 , 2 ,13,110
mandelbrot_ompi_pth , 4096 , 64 , 2 ,13,663
mandelbrot_ompi_pth , 4096 , 64 , 2 ,13,849
mandelbrot_ompi_pth , 4096 , 64 , 2 ,11,025
mandelbrot_ompi_pth , 4096 , 64 , 2 ,13,813
mandelbrot_ompi_pth , 4096 , 64 , 2 ,13,331
mandelbrot_ompi_pth , 4096 , 64 , 4 ,14,418
mandelbrot_ompi_pth , 4096 , 64 , 4 ,12,297
mandelbrot_ompi_pth , 4096 , 64 , 4 ,13,151
mandelbrot_ompi_pth , 4096 , 64 , 4 ,12,892
mandelbrot_ompi_pth , 4096 , 64 , 4 ,13,348
mandelbrot_ompi_pth , 4096 , 64 , 4 ,12,449
mandelbrot_ompi_pth , 4096 , 64 , 4 ,13,657
mandelbrot_ompi_pth , 4096 , 64 , 4 ,13,010
mandelbrot_ompi_pth , 4096 , 64 , 4 ,13,018
mandelbrot_ompi_pth , 4096 , 64 , 4 ,13,126
mandelbrot_ompi_pth , 4096 , 64 , 4 ,13,794
mandelbrot_ompi_pth , 4096 , 64 , 4 ,13,177
mandelbrot_ompi_pth , 4096 , 64 , 4 ,13,125
mandelbrot_ompi_pth , 4096 , 64 , 4 ,12,906
mandelbrot_ompi_pth , 4096 , 64 , 4 ,13,433
mandelbrot_ompi_pth , 4096 , 64 , 8 ,13,475
mandelbrot_ompi_pth , 4096 , 64 , 8 ,12,901
mandelbrot_ompi_pth , 4096 , 64 , 8 ,11,802
mandelbrot_ompi_pth , 4096 , 64 , 8 ,12,085
mandelbrot_ompi_pth , 4096 , 64 , 8 ,12,402
mandelbrot_ompi_pth , 4096 , 64 , 8 ,13,330
mandelbrot_ompi_pth , 4096 , 64 , 8 ,13,752
mandelbrot_ompi_pth , 4096 , 64 , 8 ,13,019
mandelbrot_ompi_pth , 4096 , 64 , 8 ,13,611
mandelbrot_ompi_pth , 4096 , 64 , 8 ,13,408
mandelbrot_ompi_pth , 4096 , 64 , 8 ,11,798
mandelbrot_ompi_pth , 4096 , 64 , 8 ,13,702
mandelbrot_ompi_pth , 4096 , 64 , 8 ,13,445
mandelbrot_ompi_pth , 4096 , 64 , 8 ,12,825
mandelbrot_ompi_pth , 4096 , 64 , 8 ,12,946
mandelbrot_ompi_pth , 4096 , 64 , 16 ,12,609
mandelbrot_ompi_pth , 4096 , 64 , 16 ,12,765
mandelbrot_ompi_pth , 4096 , 64 , 16 ,13,187
mandelbrot_ompi_pth , 4096 , 64 , 16 ,12,463
mandelbrot_ompi_pth , 4096 , 64 , 16 ,12,896
mandelbrot_ompi_pth , 4096 , 64 , 16 ,13,635
mandelbrot_ompi_pth , 4096 , 64 , 16 ,12,924
mandelbrot_ompi_pth , 4096 , 64 , 16 ,11,486
mandelbrot_ompi_pth , 4096 , 64 , 16 ,13,320
mandelbrot_ompi_pth , 4096 , 64 , 16 ,12,080
mandelbrot_ompi_pth , 4096 , 64 , 16 ,11,762
mandelbrot_ompi_pth , 4096 , 64 , 16 ,13,090
mandelbrot_ompi_pth , 4096 , 64 , 16 ,13,044
mandelbrot_ompi_pth , 4096 , 64 , 16 ,13,711
mandelbrot_ompi_pth , 4096 , 64 , 16 ,13,421
mandelbrot_ompi_pth , 4096 , 64 , 32 ,14,269
mandelbrot_ompi_pth , 4096 , 64 , 32 ,13,178
mandelbrot_ompi_pth , 4096 , 64 , 32 ,13,327
mandelbrot_ompi_pth , 4096 , 64 , 32 ,13,789
mandelbrot_ompi_pth , 4096 , 64 , 32 ,12,886
mandelbrot_ompi_pth , 4096 , 64 , 32 ,13,284
mandelbrot_ompi_pth , 4096 , 64 , 32 ,14,129
mandelbrot_ompi_pth , 4096 , 64 , 32 ,13,192
mandelbrot_ompi_pth , 4096 , 64 , 32 ,13,311
mandelbrot_ompi_pth , 4096 , 64 , 32 ,12,799
mandelbrot_ompi_pth , 4096 , 64 , 32 ,12,982
mandelbrot_ompi_pth , 4096 , 64 , 32 ,13,150
mandelbrot_ompi_pth , 4096 , 64 , 32 ,13,821
mandelbrot_ompi_pth , 4096 , 64 , 32 ,13,211
mandelbrot_ompi_pth , 4096 , 64 , 32 ,13,206
mandelbrot_ompi_omp , 4096 , 1 , 1 ,20,950
mandelbrot_ompi_omp , 4096 , 1 , 1 ,20,917
mandelbrot_ompi_omp , 4096 , 1 , 1 ,20,920
mandelbrot_ompi_omp , 4096 , 1 , 1 ,20,921
mandelbrot_ompi_omp , 4096 , 1 , 1 ,20,923
mandelbrot_ompi_omp , 4096 , 1 , 1 ,20,922
mandelbrot_ompi_omp , 4096 , 1 , 1 ,20,921
mandelbrot_ompi_omp , 4096 , 1 , 1 ,20,920
mandelbrot_ompi_omp , 4096 , 1 , 1 ,20,924
mandelbrot_ompi_omp , 4096 , 1 , 1 ,20,924
mandelbrot_ompi_omp , 4096 , 1 , 1 ,20,923
mandelbrot_ompi_omp , 4096 , 1 , 1 ,20,921
mandelbrot_ompi_omp , 4096 , 1 , 1 ,20,923
mandelbrot_ompi_omp , 4096 , 1 , 1 ,20,920
mandelbrot_ompi_omp , 4096 , 1 , 1 ,20,918
mandelbrot_ompi_omp , 4096 , 1 , 2 ,10,515
mandelbrot_ompi_omp , 4096 , 1 , 2 ,10,517
mandelbrot_ompi_omp , 4096 , 1 , 2 ,10,517
mandelbrot_ompi_omp , 4096 , 1 , 2 ,10,515
mandelbrot_ompi_omp , 4096 , 1 , 2 ,10,516
mandelbrot_ompi_omp , 4096 , 1 , 2 ,10,517
mandelbrot_ompi_omp , 4096 , 1 , 2 ,10,515
mandelbrot_ompi_omp , 4096 , 1 , 2 ,10,515
mandelbrot_ompi_omp , 4096 , 1 , 2 ,10,515
mandelbrot_ompi_omp , 4096 , 1 , 2 ,10,518
mandelbrot_ompi_omp , 4096 , 1 , 2 ,10,515
mandelbrot_ompi_omp , 4096 , 1 , 2 ,10,516
mandelbrot_ompi_omp , 4096 , 1 , 2 ,10,520
mandelbrot_ompi_omp , 4096 , 1 , 2 ,10,541
mandelbrot_ompi_omp , 4096 , 1 , 2 ,10,521
mandelbrot_ompi_omp , 4096 , 1 , 4 ,5,799
mandelbrot_ompi_omp , 4096 , 1 , 4 ,6,378
mandelbrot_ompi_omp , 4096 , 1 , 4 ,6,370
mandelbrot_ompi_omp , 4096 , 1 , 4 ,6,367
mandelbrot_ompi_omp , 4096 , 1 , 4 ,6,381
mandelbrot_ompi_omp , 4096 , 1 , 4 ,6,370
mandelbrot_ompi_omp , 4096 , 1 , 4 ,6,385
mandelbrot_ompi_omp , 4096 , 1 , 4 ,6,395
mandelbrot_ompi_omp , 4096 , 1 , 4 ,6,378
mandelbrot_ompi_omp , 4096 , 1 , 4 ,6,378
mandelbrot_ompi_omp , 4096 , 1 , 4 ,6,371
mandelbrot_ompi_omp , 4096 , 1 , 4 ,6,381
mandelbrot_ompi_omp , 4096 , 1 , 4 ,6,378
mandelbrot_ompi_omp , 4096 , 1 , 4 ,6,382
mandelbrot_ompi_omp , 4096 , 1 , 4 ,6,384
mandelbrot_ompi_omp , 4096 , 1 , 8 ,4,370
mandelbrot_ompi_omp , 4096 , 1 , 8 ,4,368
mandelbrot_ompi_omp , 4096 , 1 , 8 ,4,370
mandelbrot_ompi_omp , 4096 , 1 , 8 ,4,499
mandelbrot_ompi_omp , 4096 , 1 , 8 ,4,373
mandelbrot_ompi_omp , 4096 , 1 , 8 ,4,382
mandelbrot_ompi_omp , 4096 , 1 , 8 ,4,373
mandelbrot_ompi_omp , 4096 , 1 , 8 ,4,377
mandelbrot_ompi_omp , 4096 , 1 , 8 ,4,371
mandelbrot_ompi_omp , 4096 , 1 , 8 ,4,378
mandelbrot_ompi_omp , 4096 , 1 , 8 ,4,372
mandelbrot_ompi_omp , 4096 , 1 , 8 ,4,369
mandelbrot_ompi_omp , 4096 , 1 , 8 ,4,377
mandelbrot_ompi_omp , 4096 , 1 , 8 ,4,370
mandelbrot_ompi_omp , 4096 , 1 , 8 ,4,380
mandelbrot_ompi_omp , 4096 , 1 , 16 ,4,463
mandelbrot_ompi_omp , 4096 , 1 , 16 ,4,457
mandelbrot_ompi_omp , 4096 , 1 , 16 ,4,436
mandelbrot_ompi_omp , 4096 , 1 , 16 ,4,464
mandelbrot_ompi_omp , 4096 , 1 , 16 ,4,451
mandelbrot_ompi_omp , 4096 , 1 , 16 ,4,437
mandelbrot_ompi_omp , 4096 , 1 , 16 ,4,393
mandelbrot_ompi_omp , 4096 , 1 , 16 ,4,454
mandelbrot_ompi_omp , 4096 , 1 , 16 ,4,460
mandelbrot_ompi_omp , 4096 , 1 , 16 ,4,391
mandelbrot_ompi_omp , 4096 , 1 , 16 ,4,445
mandelbrot_ompi_omp , 4096 , 1 , 16 ,4,454
mandelbrot_ompi_omp , 4096 , 1 , 16 ,4,462
mandelbrot_ompi_omp , 4096 , 1 , 16 ,4,450
mandelbrot_ompi_omp , 4096 , 1 , 16 ,4,458
mandelbrot_ompi_omp , 4096 , 1 , 32 ,4,470
mandelbrot_ompi_omp , 4096 , 1 , 32 ,4,470
mandelbrot_ompi_omp , 4096 , 1 , 32 ,4,497
mandelbrot_ompi_omp , 4096 , 1 , 32 ,4,492
mandelbrot_ompi_omp , 4096 , 1 , 32 ,4,485
mandelbrot_ompi_omp , 4096 , 1 , 32 ,4,474
mandelbrot_ompi_omp , 4096 , 1 , 32 ,4,496
mandelbrot_ompi_omp , 4096 , 1 , 32 ,4,468
mandelbrot_ompi_omp , 4096 , 1 , 32 ,4,488
mandelbrot_ompi_omp , 4096 , 1 , 32 ,4,446
mandelbrot_ompi_omp , 4096 , 1 , 32 ,4,416
mandelbrot_ompi_omp , 4096 , 1 , 32 ,4,499
mandelbrot_ompi_omp , 4096 , 1 , 32 ,4,471
mandelbrot_ompi_omp , 4096 , 1 , 32 ,4,495
mandelbrot_ompi_omp , 4096 , 1 , 32 ,4,445
mandelbrot_ompi_omp , 4096 , 8 , 1 ,4,574
mandelbrot_ompi_omp , 4096 , 8 , 1 ,4,629
mandelbrot_ompi_omp , 4096 , 8 , 1 ,4,690
mandelbrot_ompi_omp , 4096 , 8 , 1 ,4,504
mandelbrot_ompi_omp , 4096 , 8 , 1 ,4,591
mandelbrot_ompi_omp , 4096 , 8 , 1 ,4,633
mandelbrot_ompi_omp , 4096 , 8 , 1 ,4,420
mandelbrot_ompi_omp , 4096 , 8 , 1 ,4,622
mandelbrot_ompi_omp , 4096 , 8 , 1 ,4,425
mandelbrot_ompi_omp , 4096 , 8 , 1 ,4,455
mandelbrot_ompi_omp , 4096 , 8 , 1 ,4,767
mandelbrot_ompi_omp , 4096 , 8 , 1 ,4,412
mandelbrot_ompi_omp , 4096 , 8 , 1 ,4,413
mandelbrot_ompi_omp , 4096 , 8 , 1 ,4,461
mandelbrot_ompi_omp , 4096 , 8 , 1 ,4,506
mandelbrot_ompi_omp , 4096 , 8 , 2 ,4,690
mandelbrot_ompi_omp , 4096 , 8 , 2 ,4,579
mandelbrot_ompi_omp , 4096 , 8 , 2 ,4,615
mandelbrot_ompi_omp , 4096 , 8 , 2 ,4,565
mandelbrot_ompi_omp , 4096 , 8 , 2 ,4,536
mandelbrot_ompi_omp , 4096 , 8 , 2 ,4,554
mandelbrot_ompi_omp , 4096 , 8 , 2 ,4,553
mandelbrot_ompi_omp , 4096 , 8 , 2 ,4,699
mandelbrot_ompi_omp , 4096 , 8 , 2 ,4,566
mandelbrot_ompi_omp , 4096 , 8 , 2 ,4,591
mandelbrot_ompi_omp , 4096 , 8 , 2 ,4,644
mandelbrot_ompi_omp , 4096 , 8 , 2 ,4,568
mandelbrot_ompi_omp , 4096 , 8 , 2 ,4,523
mandelbrot_ompi_omp , 4096 , 8 , 2 ,4,609
mandelbrot_ompi_omp , 4096 , 8 , 2 ,4,685
mandelbrot_ompi_omp , 4096 , 8 , 4 ,4,697
mandelbrot_ompi_omp , 4096 , 8 , 4 ,4,731
mandelbrot_ompi_omp , 4096 , 8 , 4 ,4,649
mandelbrot_ompi_omp , 4096 , 8 , 4 ,5,018
mandelbrot_ompi_omp , 4096 , 8 , 4 ,5,135
mandelbrot_ompi_omp , 4096 , 8 , 4 ,4,638
mandelbrot_ompi_omp , 4096 , 8 , 4 ,4,729
mandelbrot_ompi_omp , 4096 , 8 , 4 ,4,753
mandelbrot_ompi_omp , 4096 , 8 , 4 ,5,069
mandelbrot_ompi_omp , 4096 , 8 , 4 ,4,891
mandelbrot_ompi_omp , 4096 , 8 , 4 ,4,724
mandelbrot_ompi_omp , 4096 , 8 , 4 ,4,692
mandelbrot_ompi_omp , 4096 , 8 , 4 ,4,922
mandelbrot_ompi_omp , 4096 , 8 , 4 ,4,735
mandelbrot_ompi_omp , 4096 , 8 , 4 ,4,751
mandelbrot_ompi_omp , 4096 , 8 , 8 ,5,116
mandelbrot_ompi_omp , 4096 , 8 , 8 ,5,085
mandelbrot_ompi_omp , 4096 , 8 , 8 ,5,109
mandelbrot_ompi_omp , 4096 , 8 , 8 ,4,974
mandelbrot_ompi_omp , 4096 , 8 , 8 ,5,106
mandelbrot_ompi_omp , 4096 , 8 , 8 ,4,854
mandelbrot_ompi_omp , 4096 , 8 , 8 ,4,913
mandelbrot_ompi_omp , 4096 , 8 , 8 ,4,950
mandelbrot_ompi_omp , 4096 , 8 , 8 ,5,045
mandelbrot_ompi_omp , 4096 , 8 , 8 ,4,957
mandelbrot_ompi_omp , 4096 , 8 , 8 ,5,144
mandelbrot_ompi_omp , 4096 , 8 , 8 ,5,139
mandelbrot_ompi_omp , 4096 , 8 , 8 ,4,971
mandelbrot_ompi_omp , 4096 , 8 , 8 ,5,128
mandelbrot_ompi_omp , 4096 , 8 , 8 ,5,053
mandelbrot_ompi_omp , 4096 , 8 , 16 ,4,856
mandelbrot_ompi_omp , 4096 , 8 , 16 ,4,935
mandelbrot_ompi_omp , 4096 , 8 , 16 ,4,836
mandelbrot_ompi_omp , 4096 , 8 , 16 ,4,869
mandelbrot_ompi_omp , 4096 , 8 , 16 ,4,931
mandelbrot_ompi_omp , 4096 , 8 , 16 ,4,725
mandelbrot_ompi_omp , 4096 , 8 , 16 ,4,868
mandelbrot_ompi_omp , 4096 , 8 , 16 ,4,891
mandelbrot_ompi_omp , 4096 , 8 , 16 ,4,852
mandelbrot_ompi_omp , 4096 , 8 , 16 ,4,831
mandelbrot_ompi_omp , 4096 , 8 , 16 ,4,855
mandelbrot_ompi_omp , 4096 , 8 , 16 ,4,810
mandelbrot_ompi_omp , 4096 , 8 , 16 ,5,011
mandelbrot_ompi_omp , 4096 , 8 , 16 ,4,782
mandelbrot_ompi_omp , 4096 , 8 , 16 ,4,927
mandelbrot_ompi_omp , 4096 , 8 , 32 ,4,808
mandelbrot_ompi_omp , 4096 , 8 , 32 ,4,808
mandelbrot_ompi_omp , 4096 , 8 , 32 ,4,931
mandelbrot_ompi_omp , 4096 , 8 , 32 ,4,846
mandelbrot_ompi_omp , 4096 , 8 , 32 ,4,987
mandelbrot_ompi_omp , 4096 , 8 , 32 ,4,912
mandelbrot_ompi_omp , 4096 , 8 , 32 ,4,793
mandelbrot_ompi_omp , 4096 , 8 , 32 ,4,921
mandelbrot_ompi_omp , 4096 , 8 , 32 ,4,700
mandelbrot_ompi_omp , 4096 , 8 , 32 ,4,904
mandelbrot_ompi_omp , 4096 , 8 , 32 ,4,771
mandelbrot_ompi_omp , 4096 , 8 , 32 ,4,926
mandelbrot_ompi_omp , 4096 , 8 , 32 ,4,819
mandelbrot_ompi_omp , 4096 , 8 , 32 ,4,962
mandelbrot_ompi_omp , 4096 , 8 , 32 ,4,933
mandelbrot_ompi_omp , 4096 , 16 , 1 ,5,608
mandelbrot_ompi_omp , 4096 , 16 , 1 ,5,608
mandelbrot_ompi_omp , 4096 , 16 , 1 ,5,657
mandelbrot_ompi_omp , 4096 , 16 , 1 ,5,555
mandelbrot_ompi_omp , 4096 , 16 , 1 ,5,313
mandelbrot_ompi_omp , 4096 , 16 , 1 ,5,881
mandelbrot_ompi_omp , 4096 , 16 , 1 ,5,690
mandelbrot_ompi_omp , 4096 , 16 , 1 ,5,534
mandelbrot_ompi_omp , 4096 , 16 , 1 ,5,882
mandelbrot_ompi_omp , 4096 , 16 , 1 ,5,107
mandelbrot_ompi_omp , 4096 , 16 , 1 ,5,249
mandelbrot_ompi_omp , 4096 , 16 , 1 ,5,678
mandelbrot_ompi_omp , 4096 , 16 , 1 ,5,882
mandelbrot_ompi_omp , 4096 , 16 , 1 ,5,727
mandelbrot_ompi_omp , 4096 , 16 , 1 ,5,569
mandelbrot_ompi_omp , 4096 , 16 , 2 ,5,634
mandelbrot_ompi_omp , 4096 , 16 , 2 ,5,817
mandelbrot_ompi_omp , 4096 , 16 , 2 ,5,807
mandelbrot_ompi_omp , 4096 , 16 , 2 ,5,842
mandelbrot_ompi_omp , 4096 , 16 , 2 ,5,358
mandelbrot_ompi_omp , 4096 , 16 , 2 ,5,809
mandelbrot_ompi_omp , 4096 , 16 , 2 ,5,822
mandelbrot_ompi_omp , 4096 , 16 , 2 ,5,906
mandelbrot_ompi_omp , 4096 , 16 , 2 ,5,889
mandelbrot_ompi_omp , 4096 , 16 , 2 ,5,626
mandelbrot_ompi_omp , 4096 , 16 , 2 ,5,721
mandelbrot_ompi_omp , 4096 , 16 , 2 ,5,690
mandelbrot_ompi_omp , 4096 , 16 , 2 ,5,762
mandelbrot_ompi_omp , 4096 , 16 , 2 ,5,281
mandelbrot_ompi_omp , 4096 , 16 , 2 ,5,126
mandelbrot_ompi_omp , 4096 , 16 , 4 ,6,042
mandelbrot_ompi_omp , 4096 , 16 , 4 ,5,886
mandelbrot_ompi_omp , 4096 , 16 , 4 ,6,094
mandelbrot_ompi_omp , 4096 , 16 , 4 ,5,550
mandelbrot_ompi_omp , 4096 , 16 , 4 ,5,998
mandelbrot_ompi_omp , 4096 , 16 , 4 ,5,959
mandelbrot_ompi_omp , 4096 , 16 , 4 ,6,224
mandelbrot_ompi_omp , 4096 , 16 , 4 ,6,250
mandelbrot_ompi_omp , 4096 , 16 , 4 ,5,626
mandelbrot_ompi_omp , 4096 , 16 , 4 ,5,357
mandelbrot_ompi_omp , 4096 , 16 , 4 ,6,031
mandelbrot_ompi_omp , 4096 , 16 , 4 ,5,363
mandelbrot_ompi_omp , 4096 , 16 , 4 ,6,273
mandelbrot_ompi_omp , 4096 , 16 , 4 ,6,098
mandelbrot_ompi_omp , 4096 , 16 , 4 ,6,346
mandelbrot_ompi_omp , 4096 , 16 , 8 ,6,438
mandelbrot_ompi_omp , 4096 , 16 , 8 ,5,956
mandelbrot_ompi_omp , 4096 , 16 , 8 ,6,560
mandelbrot_ompi_omp , 4096 , 16 , 8 ,6,285
mandelbrot_ompi_omp , 4096 , 16 , 8 ,6,386
mandelbrot_ompi_omp , 4096 , 16 , 8 ,6,481
mandelbrot_ompi_omp , 4096 , 16 , 8 ,6,427
mandelbrot_ompi_omp , 4096 , 16 , 8 ,6,547
mandelbrot_ompi_omp , 4096 , 16 , 8 ,6,761
mandelbrot_ompi_omp , 4096 , 16 , 8 ,6,586
mandelbrot_ompi_omp , 4096 , 16 , 8 ,6,027
mandelbrot_ompi_omp , 4096 , 16 , 8 ,6,812
mandelbrot_ompi_omp , 4096 , 16 , 8 ,6,218
mandelbrot_ompi_omp , 4096 , 16 , 8 ,6,274
mandelbrot_ompi_omp , 4096 , 16 , 8 ,6,322
mandelbrot_ompi_omp , 4096 , 16 , 16 ,6,180
mandelbrot_ompi_omp , 4096 , 16 , 16 ,6,072
mandelbrot_ompi_omp , 4096 , 16 , 16 ,5,796
mandelbrot_ompi_omp , 4096 , 16 , 16 ,6,043
mandelbrot_ompi_omp , 4096 , 16 , 16 ,6,007
mandelbrot_ompi_omp , 4096 , 16 , 16 ,5,528
mandelbrot_ompi_omp , 4096 , 16 , 16 ,5,776
mandelbrot_ompi_omp , 4096 , 16 , 16 ,6,050
mandelbrot_ompi_omp , 4096 , 16 , 16 ,6,126
mandelbrot_ompi_omp , 4096 , 16 , 16 ,5,938
mandelbrot_ompi_omp , 4096 , 16 , 16 ,5,929
mandelbrot_ompi_omp , 4096 , 16 , 16 ,6,269
mandelbrot_ompi_omp , 4096 , 16 , 16 ,5,729
mandelbrot_ompi_omp , 4096 , 16 , 16 ,6,123
mandelbrot_ompi_omp , 4096 , 16 , 16 ,6,382
mandelbrot_ompi_omp , 4096 , 16 , 32 ,6,274
mandelbrot_ompi_omp , 4096 , 16 , 32 ,5,603
mandelbrot_ompi_omp , 4096 , 16 , 32 ,5,836
mandelbrot_ompi_omp , 4096 , 16 , 32 ,5,618
mandelbrot_ompi_omp , 4096 , 16 , 32 ,6,162
mandelbrot_ompi_omp , 4096 , 16 , 32 ,6,111
mandelbrot_ompi_omp , 4096 , 16 , 32 ,6,045
mandelbrot_ompi_omp , 4096 , 16 , 32 ,5,757
mandelbrot_ompi_omp , 4096 , 16 , 32 ,5,790
mandelbrot_ompi_omp , 4096 , 16 , 32 ,6,235
mandelbrot_ompi_omp , 4096 , 16 , 32 ,5,913
mandelbrot_ompi_omp , 4096 , 16 , 32 ,5,916
mandelbrot_ompi_omp , 4096 , 16 , 32 ,5,585
mandelbrot_ompi_omp , 4096 , 16 , 32 ,6,452
mandelbrot_ompi_omp , 4096 , 16 , 32 ,5,804
mandelbrot_ompi_omp , 4096 , 32 , 1 ,7,804
mandelbrot_ompi_omp , 4096 , 32 , 1 ,8,156
mandelbrot_ompi_omp , 4096 , 32 , 1 ,8,509
mandelbrot_ompi_omp , 4096 , 32 , 1 ,8,327
mandelbrot_ompi_omp , 4096 , 32 , 1 ,7,866
mandelbrot_ompi_omp , 4096 , 32 , 1 ,8,342
mandelbrot_ompi_omp , 4096 , 32 , 1 ,8,446
mandelbrot_ompi_omp , 4096 , 32 , 1 ,8,093
mandelbrot_ompi_omp , 4096 , 32 , 1 ,8,423
mandelbrot_ompi_omp , 4096 , 32 , 1 ,7,619
mandelbrot_ompi_omp , 4096 , 32 , 1 ,8,218
mandelbrot_ompi_omp , 4096 , 32 , 1 ,8,452
mandelbrot_ompi_omp , 4096 , 32 , 1 ,7,813
mandelbrot_ompi_omp , 4096 , 32 , 1 ,8,478
mandelbrot_ompi_omp , 4096 , 32 , 1 ,8,123
mandelbrot_ompi_omp , 4096 , 32 , 2 ,8,506
mandelbrot_ompi_omp , 4096 , 32 , 2 ,8,475
mandelbrot_ompi_omp , 4096 , 32 , 2 ,9,072
mandelbrot_ompi_omp , 4096 , 32 , 2 ,8,529
mandelbrot_ompi_omp , 4096 , 32 , 2 ,8,837
mandelbrot_ompi_omp , 4096 , 32 , 2 ,8,892
mandelbrot_ompi_omp , 4096 , 32 , 2 ,9,353
mandelbrot_ompi_omp , 4096 , 32 , 2 ,8,962
mandelbrot_ompi_omp , 4096 , 32 , 2 ,8,722
mandelbrot_ompi_omp , 4096 , 32 , 2 ,7,915
mandelbrot_ompi_omp , 4096 , 32 , 2 ,9,475
mandelbrot_ompi_omp , 4096 , 32 , 2 ,7,200
mandelbrot_ompi_omp , 4096 , 32 , 2 ,7,408
mandelbrot_ompi_omp , 4096 , 32 , 2 ,9,816
mandelbrot_ompi_omp , 4096 , 32 , 2 ,8,841
mandelbrot_ompi_omp , 4096 , 32 , 4 ,9,284
mandelbrot_ompi_omp , 4096 , 32 , 4 ,9,610
mandelbrot_ompi_omp , 4096 , 32 , 4 ,9,095
mandelbrot_ompi_omp , 4096 , 32 , 4 ,9,145
mandelbrot_ompi_omp , 4096 , 32 , 4 ,9,871
mandelbrot_ompi_omp , 4096 , 32 , 4 ,8,786
mandelbrot_ompi_omp , 4096 , 32 , 4 ,8,776
mandelbrot_ompi_omp , 4096 , 32 , 4 ,8,970
mandelbrot_ompi_omp , 4096 , 32 , 4 ,9,321
mandelbrot_ompi_omp , 4096 , 32 , 4 ,7,753
mandelbrot_ompi_omp , 4096 , 32 , 4 ,7,239
mandelbrot_ompi_omp , 4096 , 32 , 4 ,9,137
mandelbrot_ompi_omp , 4096 , 32 , 4 ,9,090
mandelbrot_ompi_omp , 4096 , 32 , 4 ,9,631
mandelbrot_ompi_omp , 4096 , 32 , 4 ,9,828
mandelbrot_ompi_omp , 4096 , 32 , 8 ,10,087
mandelbrot_ompi_omp , 4096 , 32 , 8 ,9,950
mandelbrot_ompi_omp , 4096 , 32 , 8 ,9,533
mandelbrot_ompi_omp , 4096 , 32 , 8 ,9,281
mandelbrot_ompi_omp , 4096 , 32 , 8 ,10,569
mandelbrot_ompi_omp , 4096 , 32 , 8 ,9,811
mandelbrot_ompi_omp , 4096 , 32 , 8 ,10,594
mandelbrot_ompi_omp , 4096 , 32 , 8 ,10,207
mandelbrot_ompi_omp , 4096 , 32 , 8 ,10,605
mandelbrot_ompi_omp , 4096 , 32 , 8 ,10,305
mandelbrot_ompi_omp , 4096 , 32 , 8 ,9,952
mandelbrot_ompi_omp , 4096 , 32 , 8 ,9,795
mandelbrot_ompi_omp , 4096 , 32 , 8 ,10,135
mandelbrot_ompi_omp , 4096 , 32 , 8 ,10,435
mandelbrot_ompi_omp , 4096 , 32 , 8 ,9,406
mandelbrot_ompi_omp , 4096 , 32 , 16 ,9,278
mandelbrot_ompi_omp , 4096 , 32 , 16 ,9,028
mandelbrot_ompi_omp , 4096 , 32 , 16 ,8,530
mandelbrot_ompi_omp , 4096 , 32 , 16 ,8,976
mandelbrot_ompi_omp , 4096 , 32 , 16 ,7,086
mandelbrot_ompi_omp , 4096 , 32 , 16 ,7,669
mandelbrot_ompi_omp , 4096 , 32 , 16 ,9,494
mandelbrot_ompi_omp , 4096 , 32 , 16 ,9,224
mandelbrot_ompi_omp , 4096 , 32 , 16 ,9,648
mandelbrot_ompi_omp , 4096 , 32 , 16 ,9,005
mandelbrot_ompi_omp , 4096 , 32 , 16 ,8,691
mandelbrot_ompi_omp , 4096 , 32 , 16 ,8,985
mandelbrot_ompi_omp , 4096 , 32 , 16 ,9,043
mandelbrot_ompi_omp , 4096 , 32 , 16 ,9,325
mandelbrot_ompi_omp , 4096 , 32 , 16 ,8,306
mandelbrot_ompi_omp , 4096 , 32 , 32 ,7,741
mandelbrot_ompi_omp , 4096 , 32 , 32 ,7,381
mandelbrot_ompi_omp , 4096 , 32 , 32 ,8,896
mandelbrot_ompi_omp , 4096 , 32 , 32 ,9,122
mandelbrot_ompi_omp , 4096 , 32 , 32 ,7,502
mandelbrot_ompi_omp , 4096 , 32 , 32 ,7,676
mandelbrot_ompi_omp , 4096 , 32 , 32 ,9,454
mandelbrot_ompi_omp , 4096 , 32 , 32 ,7,911
mandelbrot_ompi_omp , 4096 , 32 , 32 ,8,764
mandelbrot_ompi_omp , 4096 , 32 , 32 ,9,453
mandelbrot_ompi_omp , 4096 , 32 , 32 ,9,407
mandelbrot_ompi_omp , 4096 , 32 , 32 ,8,409
mandelbrot_ompi_omp , 4096 , 32 , 32 ,9,409
mandelbrot_ompi_omp , 4096 , 32 , 32 ,8,818
mandelbrot_ompi_omp , 4096 , 32 , 32 ,9,366
mandelbrot_ompi_omp , 4096 , 64 , 1 ,12,445
mandelbrot_ompi_omp , 4096 , 64 , 1 ,13,693
mandelbrot_ompi_omp , 4096 , 64 , 1 ,11,923
mandelbrot_ompi_omp , 4096 , 64 , 1 ,13,012
mandelbrot_ompi_omp , 4096 , 64 , 1 ,13,212
mandelbrot_ompi_omp , 4096 , 64 , 1 ,10,983
mandelbrot_ompi_omp , 4096 , 64 , 1 ,12,654
mandelbrot_ompi_omp , 4096 , 64 , 1 ,12,749
mandelbrot_ompi_omp , 4096 , 64 , 1 ,12,857
mandelbrot_ompi_omp , 4096 , 64 , 1 ,13,433
mandelbrot_ompi_omp , 4096 , 64 , 1 ,12,857
mandelbrot_ompi_omp , 4096 , 64 , 1 ,12,425
mandelbrot_ompi_omp , 4096 , 64 , 1 ,10,607
mandelbrot_ompi_omp , 4096 , 64 , 1 ,12,209
mandelbrot_ompi_omp , 4096 , 64 , 1 ,12,878
mandelbrot_ompi_omp , 4096 , 64 , 2 ,13,154
mandelbrot_ompi_omp , 4096 , 64 , 2 ,12,941
mandelbrot_ompi_omp , 4096 , 64 , 2 ,13,948
mandelbrot_ompi_omp , 4096 , 64 , 2 ,13,967
mandelbrot_ompi_omp , 4096 , 64 , 2 ,12,587
mandelbrot_ompi_omp , 4096 , 64 , 2 ,11,982
mandelbrot_ompi_omp , 4096 , 64 , 2 ,11,932
mandelbrot_ompi_omp , 4096 , 64 , 2 ,12,689
mandelbrot_ompi_omp , 4096 , 64 , 2 ,11,464
mandelbrot_ompi_omp , 4096 , 64 , 2 ,12,479
mandelbrot_ompi_omp , 4096 , 64 , 2 ,12,938
mandelbrot_ompi_omp , 4096 , 64 , 2 ,12,804
mandelbrot_ompi_omp , 4096 , 64 , 2 ,13,056
mandelbrot_ompi_omp , 4096 , 64 , 2 ,13,636
mandelbrot_ompi_omp , 4096 , 64 , 2 ,13,615
mandelbrot_ompi_omp , 4096 , 64 , 4 ,13,936
mandelbrot_ompi_omp , 4096 , 64 , 4 ,13,990
mandelbrot_ompi_omp , 4096 , 64 , 4 ,13,602
mandelbrot_ompi_omp , 4096 , 64 , 4 ,13,037
mandelbrot_ompi_omp , 4096 , 64 , 4 ,13,324
mandelbrot_ompi_omp , 4096 , 64 , 4 ,13,400
mandelbrot_ompi_omp , 4096 , 64 , 4 ,13,171
mandelbrot_ompi_omp , 4096 , 64 , 4 ,13,929
mandelbrot_ompi_omp , 4096 , 64 , 4 ,14,491
mandelbrot_ompi_omp , 4096 , 64 , 4 ,12,893
mandelbrot_ompi_omp , 4096 , 64 , 4 ,13,127
mandelbrot_ompi_omp , 4096 , 64 , 4 ,13,397
mandelbrot_ompi_omp , 4096 , 64 , 4 ,13,719
mandelbrot_ompi_omp , 4096 , 64 , 4 ,11,502
mandelbrot_ompi_omp , 4096 , 64 , 4 ,12,681
mandelbrot_ompi_omp , 4096 , 64 , 8 ,15,106
mandelbrot_ompi_omp , 4096 , 64 , 8 ,13,699
mandelbrot_ompi_omp , 4096 , 64 , 8 ,14,974
mandelbrot_ompi_omp , 4096 , 64 , 8 ,14,161
mandelbrot_ompi_omp , 4096 , 64 , 8 ,13,098
mandelbrot_ompi_omp , 4096 , 64 , 8 ,12,628
mandelbrot_ompi_omp , 4096 , 64 , 8 ,14,978
mandelbrot_ompi_omp , 4096 , 64 , 8 ,14,821
mandelbrot_ompi_omp , 4096 , 64 , 8 ,14,282
mandelbrot_ompi_omp , 4096 , 64 , 8 ,13,930
mandelbrot_ompi_omp , 4096 , 64 , 8 ,15,092
mandelbrot_ompi_omp , 4096 , 64 , 8 ,13,688
mandelbrot_ompi_omp , 4096 , 64 , 8 ,14,371
mandelbrot_ompi_omp , 4096 , 64 , 8 ,14,261
mandelbrot_ompi_omp , 4096 , 64 , 8 ,14,222
mandelbrot_ompi_omp , 4096 , 64 , 16 ,11,425
mandelbrot_ompi_omp , 4096 , 64 , 16 ,12,551
mandelbrot_ompi_omp , 4096 , 64 , 16 ,13,770
mandelbrot_ompi_omp , 4096 , 64 , 16 ,13,164
mandelbrot_ompi_omp , 4096 , 64 , 16 ,14,223
mandelbrot_ompi_omp , 4096 , 64 , 16 ,14,511
mandelbrot_ompi_omp , 4096 , 64 , 16 ,13,141
mandelbrot_ompi_omp , 4096 , 64 , 16 ,13,261
mandelbrot_ompi_omp , 4096 , 64 , 16 ,13,527
mandelbrot_ompi_omp , 4096 , 64 , 16 ,13,348
mandelbrot_ompi_omp , 4096 , 64 , 16 ,12,868
mandelbrot_ompi_omp , 4096 , 64 , 16 ,11,132
mandelbrot_ompi_omp , 4096 , 64 , 16 ,13,594
mandelbrot_ompi_omp , 4096 , 64 , 16 ,13,075
mandelbrot_ompi_omp , 4096 , 64 , 16 ,12,651
mandelbrot_ompi_omp , 4096 , 64 , 32 ,13,506
mandelbrot_ompi_omp , 4096 , 64 , 32 ,13,357
mandelbrot_ompi_omp , 4096 , 64 , 32 ,12,365
mandelbrot_ompi_omp , 4096 , 64 , 32 ,13,181
mandelbrot_ompi_omp , 4096 , 64 , 32 ,12,727
mandelbrot_ompi_omp , 4096 , 64 , 32 ,13,918
mandelbrot_ompi_omp , 4096 , 64 , 32 ,13,140
mandelbrot_ompi_omp , 4096 , 64 , 32 ,12,929
mandelbrot_ompi_omp , 4096 , 64 , 32 ,13,327
mandelbrot_ompi_omp , 4096 , 64 , 32 ,13,246
mandelbrot_ompi_omp , 4096 , 64 , 32 ,12,675
mandelbrot_ompi_omp , 4096 , 64 , 32 ,13,172
mandelbrot_ompi_omp , 4096 , 64 , 32 ,13,173
mandelbrot_ompi_omp , 4096 , 64 , 32 ,12,781
mandelbrot_ompi_omp , 4096 , 64 , 32 ,13,574
